id;login;first_name;last_name;email;image_url;activated;lang_key;created_by;last_modified_by;last_modified_date;birthdate
1;mobile Fish;Orval;Metz;Carli9@yahoo.com;Trace;false;Metal deposit;Producer;Implementation Electronics Officer;2019-07-17;2019-07-18
2;Albania web-readiness;Einar;Ledner;Greg29@yahoo.com;24/7 Common bluetooth;false;Cambridgeshire Mississippi;HDD;Table Small Frozen Sausages Planner;2019-07-17;2019-07-18
3;Music;Dariana;Paucek;Idella60@gmail.com;backing up Salad;false;Tuna;hardware Costa Rica Mayotte;Industrial;2019-07-17;2019-07-17
4;Markets Chief;Laverna;Reinger;Erick.Bogisich@hotmail.com;Tasty Plastic Pizza scale;false;generating compelling;Home Loan Account;Plastic;2019-07-17;2019-07-18
5;Industrial;Henri;Rutherford;Cloyd1@yahoo.com;magenta monitor 1080p;true;Identity;Frozen IB;Highway Ergonomic;2019-07-18;2019-07-18
6;moratorium pixel withdrawal;Sherman;MacGyver;Geovanny_Carter84@yahoo.com;hard drive Robust Networked;false;system Small;Intelligent Outdoors;Harbor Montana;2019-07-17;2019-07-17
7;Phased;Halle;Lind;Columbus.Farrell59@hotmail.com;Chilean Peso Unidades de fomento;true;Auto Loan Account modular Refined;digital maroon;EXE projection Fresh;2019-07-18;2019-07-18
8;Gorgeous Profit-focused synergies;Rebeca;Herman;Ellsworth51@hotmail.com;supply-chains magenta;false;24/7;Gloves sky blue Oklahoma;robust Engineer;2019-07-17;2019-07-18
9;Moroccan Dirham;Merritt;Gusikowski;Eddie26@gmail.com;Analyst paradigms;false;ubiquitous;Public-key Granite;Way Dominican Republic;2019-07-17;2019-07-17
10;navigate;David;Fisher;Prudence_Hilll@hotmail.com;withdrawal Solomon Islands Licensed;true;installation;Argentine Peso;Kentucky Algerian Dinar Clothing;2019-07-18;2019-07-17
